tile_id,addr,file
0,0x3e77e,tile00_3e77e_32x32.png
1,0x3e97e,tile01_3e97e_32x32.png
2,0x3eb7e,tile02_3eb7e_32x32.png
3,0x3ed7e,tile03_3ed7e_32x32.png
4,0x3ef7e,tile04_3ef7e_32x32.png
5,0x3f17e,tile05_3f17e_32x32.png
6,0x3f37e,tile06_3f37e_32x32.png
7,0x3f57e,tile07_3f57e_32x32.png
8,0x3f77e,tile08_3f77e_32x32.png
9,0x3f97e,tile09_3f97e_32x32.png
10,0x3fb7e,tile10_3fb7e_32x32.png
11,0x3fd7e,tile11_3fd7e_32x32.png
12,0x3ff7e,tile12_3ff7e_32x32.png
13,0x4017e,tile13_4017e_32x32.png
14,0x4037e,tile14_4037e_32x32.png
15,0x4057e,tile15_4057e_32x32.png
16,0x4077e,tile16_4077e_32x32.png
17,0x4097e,tile17_4097e_32x32.png
18,0x40b7e,tile18_40b7e_32x32.png
19,0x40d7e,tile19_40d7e_32x32.png
20,0x40f7e,tile20_40f7e_32x32.png
21,0x4117e,tile21_4117e_32x32.png
22,0x4137e,tile22_4137e_32x32.png
23,0x4157e,tile23_4157e_32x32.png
24,0x4177e,tile24_4177e_32x32.png
25,0x4197e,tile25_4197e_32x32.png
26,0x41b7e,tile26_41b7e_32x32.png
27,0x41d7e,tile27_41d7e_32x32.png
28,0x41f7e,tile28_41f7e_32x32.png
29,0x4217e,tile29_4217e_32x32.png
30,0x4237e,tile30_4237e_32x32.png
31,0x4257e,tile31_4257e_32x32.png
32,0x4277e,tile32_4277e_32x32.png
33,0x4297e,tile33_4297e_32x32.png
34,0x42b7e,tile34_42b7e_32x32.png
35,0x42d7e,tile35_42d7e_32x32.png
36,0x42f7e,tile36_42f7e_32x32.png
37,0x4317e,tile37_4317e_32x32.png
38,0x4337e,tile38_4337e_32x32.png
39,0x4357e,tile39_4357e_32x32.png
40,0x4377e,tile40_4377e_32x32.png
41,0x4397e,tile41_4397e_32x32.png
42,0x43b7e,tile42_43b7e_32x32.png
43,0x43d7e,tile43_43d7e_32x32.png
44,0x43f7e,tile44_43f7e_32x32.png
45,0x4417e,tile45_4417e_32x32.png
46,0x4437e,tile46_4437e_32x32.png
47,0x4457e,tile47_4457e_32x32.png
48,0x4477e,tile48_4477e_32x32.png
49,0x4497e,tile49_4497e_32x32.png
50,0x44b7e,tile50_44b7e_32x32.png
51,0x44d7e,tile51_44d7e_32x32.png
52,0x44f7e,tile52_44f7e_32x32.png
53,0x4517e,tile53_4517e_32x32.png
54,0x4537e,tile54_4537e_32x32.png
55,0x4557e,tile55_4557e_32x32.png
56,0x4577e,tile56_4577e_32x32.png
57,0x4597e,tile57_4597e_32x32.png
58,0x45b7e,tile58_45b7e_32x32.png
59,0x45d7e,tile59_45d7e_32x32.png
60,0x45f7e,tile60_45f7e_32x32.png
61,0x4617e,tile61_4617e_32x32.png
62,0x4637e,tile62_4637e_32x32.png
63,0x4657e,tile63_4657e_32x32.png
64,0x4677e,tile64_4677e_32x32.png
65,0x4697e,tile65_4697e_32x32.png
66,0x46b7e,tile66_46b7e_32x32.png
67,0x46d7e,tile67_46d7e_32x32.png
68,0x46f7e,tile68_46f7e_32x32.png
69,0x4717e,tile69_4717e_32x32.png
70,0x4737e,tile70_4737e_32x32.png
71,0x4757e,tile71_4757e_32x32.png
72,0x4777e,tile72_4777e_32x32.png
73,0x4797e,tile73_4797e_32x32.png
74,0x47b7e,tile74_47b7e_32x32.png
75,0x47d7e,tile75_47d7e_32x32.png
76,0x47f7e,tile76_47f7e_32x32.png
77,0x4817e,tile77_4817e_32x32.png
78,0x4837e,tile78_4837e_32x32.png
79,0x4857e,tile79_4857e_32x32.png
