index,addr,w,h,size,file
0,0x5115a,48,57,2808,decor000_5115a_48x57.png
1,0x516d6,48,57,2808,decor001_516d6_48x57.png
2,0x51c52,48,1,120,decor002_51c52_48x1.png
3,0x51c8e,48,1,120,decor003_51c8e_48x1.png
4,0x51cca,48,1,120,decor004_51cca_48x1.png
5,0x51d06,48,1,120,decor005_51d06_48x1.png
6,0x51d42,48,1,120,decor006_51d42_48x1.png
7,0x51d7e,48,1,120,decor007_51d7e_48x1.png
9,0x55732,16,15,312,decor009_55732_16x15.png
10,0x557ce,64,39,2568,decor010_557ce_64x39.png
11,0x55cd2,80,49,3992,decor011_55cd2_80x49.png
12,0x5649e,80,50,4072,decor012_5649e_80x50.png
13,0x56c92,48,31,1560,decor013_56c92_48x31.png
14,0x56f9e,32,28,968,decor014_56f9e_32x28.png
15,0x57182,32,21,744,decor015_57182_32x21.png
16,0x572f6,32,21,744,decor016_572f6_32x21.png
17,0x5746a,16,14,296,decor017_5746a_16x14.png
18,0x574fe,16,17,344,decor018_574fe_16x17.png
19,0x575aa,64,33,2184,decor019_575aa_64x33.png
20,0x579ee,16,24,456,decor020_579ee_16x24.png
21,0x57ad2,32,23,808,decor021_57ad2_32x23.png
22,0x57c66,16,18,360,decor022_57c66_16x18.png
23,0x57d1a,32,25,872,decor023_57d1a_32x25.png
24,0x57ece,32,25,872,decor024_57ece_32x25.png
25,0x58082,96,45,4392,decor025_58082_96x45.png
26,0x58916,32,14,520,decor026_58916_32x14.png
27,0x58a1a,32,30,1032,decor027_58a1a_32x30.png
28,0x58c1e,32,24,840,decor028_58c1e_32x24.png
29,0x58dc2,32,30,1032,decor029_58dc2_32x30.png
30,0x58fc6,32,25,872,decor030_58fc6_32x25.png
31,0x5917a,16,7,184,decor031_5917a_16x7.png
32,0x591d6,32,11,424,decor032_591d6_32x11.png
34,0x598ac,16,8,200,decor034_598ac_16x8.png
36,0x59ad2,16,5,152,decor036_59ad2_16x5.png
37,0x59b1e,16,8,200,decor037_59b1e_16x8.png
38,0x59b82,16,5,152,decor038_59b82_16x5.png
39,0x59bce,32,68,2248,decor039_59bce_32x68.png
41,0x5a1aa,16,9,216,decor041_5a1aa_16x9.png
42,0x5a216,32,14,520,decor042_5a216_32x14.png
43,0x5a31a,16,11,248,decor043_5a31a_16x11.png
44,0x5a396,16,10,232,decor044_5a396_16x10.png
45,0x5a40a,16,17,344,decor045_5a40a_16x17.png
47,0x5a630,32,10,392,decor047_5a630_32x10.png
48,0x5a6f4,16,10,232,decor048_5a6f4_16x10.png
49,0x5a768,96,61,5928,decor049_5a768_96x61.png
50,0x5b2fc,16,10,232,decor050_5b2fc_16x10.png
51,0x5b370,16,10,232,decor051_5b370_16x10.png
52,0x5b3e4,32,11,424,decor052_5b3e4_32x11.png
53,0x5b4b8,32,9,360,decor053_5b4b8_32x9.png
54,0x5b56c,16,5,152,decor054_5b56c_16x5.png
55,0x5b5b8,16,9,216,decor055_5b5b8_16x9.png
56,0x5b624,32,12,456,decor056_5b624_32x12.png
57,0x5b708,16,5,152,decor057_5b708_16x5.png
58,0x5b754,32,12,456,decor058_5b754_32x12.png
59,0x5b838,32,11,424,decor059_5b838_32x11.png
61,0x5c046,32,10,392,decor061_5c046_32x10.png
62,0x5c10a,96,45,4392,decor062_5c10a_96x45.png
63,0x5c99e,32,13,488,decor063_5c99e_32x13.png
64,0x5ca92,16,9,216,decor064_5ca92_16x9.png
65,0x5cafe,32,12,456,decor065_5cafe_32x12.png
66,0x5cbe2,16,11,248,decor066_5cbe2_16x11.png
68,0x5d0c6,32,21,744,decor068_5d0c6_32x21.png
69,0x5d23a,32,21,744,decor069_5d23a_32x21.png
70,0x5d3ae,48,25,1272,decor070_5d3ae_48x25.png
71,0x5d62a,64,22,1480,decor071_5d62a_64x22.png
72,0x5d90e,64,26,1736,decor072_5d90e_64x26.png
73,0x5dc72,64,34,2248,decor073_5dc72_64x34.png
74,0x5e0d6,64,25,1672,decor074_5e0d6_64x25.png
75,0x5e41a,16,31,568,decor075_5e41a_16x31.png
77,0x5e6e8,64,30,1992,decor077_5e6e8_64x30.png
78,0x5eacc,64,30,1992,decor078_5eacc_64x30.png
79,0x5eeb0,32,19,680,decor079_5eeb0_32x19.png
80,0x5f004,32,26,904,decor080_5f004_32x26.png
81,0x5f1c8,16,10,232,decor081_5f1c8_16x10.png
82,0x5f23c,16,10,232,decor082_5f23c_16x10.png
83,0x5f2b0,48,23,1176,decor083_5f2b0_48x23.png
84,0x5f4fc,16,12,264,decor084_5f4fc_16x12.png
85,0x5f580,64,22,1480,decor085_5f580_64x22.png
87,0x5fe8e,32,37,1256,decor087_5fe8e_32x37.png
88,0x60102,32,11,424,decor088_60102_32x11.png
89,0x601d6,32,9,360,decor089_601d6_32x9.png
90,0x6028a,16,9,216,decor090_6028a_16x9.png
91,0x602f6,32,11,424,decor091_602f6_32x11.png
92,0x603ca,16,14,296,decor092_603ca_16x14.png
94,0x60ad0,32,9,360,decor094_60ad0_32x9.png
97,0x61a6c,32,24,841,decor097_61a6c_32x24.png
98,0x61c10,16,20,393,decor098_61c10_16x20.png
99,0x61cd4,32,16,585,decor099_61cd4_32x16.png
100,0x61df8,16,12,265,decor100_61df8_16x12.png
101,0x61e7c,16,12,265,decor101_61e7c_16x12.png
102,0x61f00,48,17,889,decor102_61f00_48x17.png
103,0x620bc,16,18,361,decor103_620bc_16x18.png
104,0x62170,16,16,329,decor104_62170_16x16.png
105,0x62214,16,16,329,decor105_62214_16x16.png
106,0x622b8,32,16,585,decor106_622b8_32x16.png
107,0x623dc,32,16,585,decor107_623dc_32x16.png
108,0x62500,16,9,217,decor108_62500_16x9.png
109,0x6256c,16,9,217,decor109_6256c_16x9.png
110,0x625d8,32,22,777,decor110_625d8_32x22.png
120,0x697d4,32,13,489,decor120_697d4_32x13.png
122,0x69b7c,32,18,649,decor122_69b7c_32x18.png
123,0x69cc0,128,56,7241,decor123_69cc0_128x56.png
