chip	phrase	start	end	length_bytes	duration_s	pad
oki1	0	000178	000577	1024	0.268	0000
oki1	1	000578	000977	1024	0.268	0000
oki1	2	000978	000d77	1024	0.268	0000
oki1	3	000d78	0010b7	832	0.218	0000
oki1	4	0010b8	0013b7	768	0.201	0000
oki1	5	0013b8	001bf7	2112	0.554	0000
oki1	6	001bf8	002a37	3648	0.956	0000
oki1	7	002a38	002f37	1280	0.336	0000
oki1	8	002f38	003c37	3328	0.873	0000
oki1	9	000178	000178	1	0.000	0000
oki1	10	003c38	004777	2880	0.755	0000
oki1	11	004778	004b77	1024	0.268	0000
oki1	12	004b78	005577	2560	0.671	0000
oki1	13	005578	0066b7	4416	1.158	0000
oki1	14	0066b8	0070b7	2560	0.671	0000
oki1	15	0070b8	007ab7	2560	0.671	0000
oki1	16	007ab8	008437	2432	0.638	0000
oki1	17	008438	0092f7	3776	0.990	0000
oki1	18	0092f8	00a137	3648	0.956	0000
oki1	19	00a138	00aaf7	2496	0.654	0000
oki1	20	00aaf8	00b277	1920	0.503	0000
oki1	21	00b278	00bcf7	2688	0.705	0000
oki1	22	000178	000178	1	0.000	0000
oki1	23	00bcf8	00ce77	4480	1.175	0000
oki1	24	00ce78	00de77	4096	1.074	0000
oki1	25	00de78	00eb37	3264	0.856	0000
oki1	26	00eb38	00fd77	4672	1.225	0000
oki1	27	00fd78	0102b7	1344	0.352	0000
oki1	28	0102b8	0109f7	1856	0.487	0000
oki1	29	0109f8	011937	3904	1.024	0000
oki1	30	011938	0126b7	3456	0.906	0000
oki1	31	0126b8	013277	3008	0.789	0000
oki1	32	013278	013f37	3264	0.856	0000
oki1	33	013f38	014e77	3904	1.024	0000
oki1	34	014e78	0157f7	2432	0.638	0000
oki1	35	0157f8	015ef7	1792	0.470	0000
oki1	36	015ef8	0164f7	1536	0.403	0000
oki1	37	0164f8	0168f7	1024	0.268	0000
oki1	38	0168f8	016db7	1216	0.319	0000
oki1	39	016db8	017b37	3456	0.906	0000
oki1	40	017b38	018337	2048	0.537	0000
oki1	41	018338	018b77	2112	0.554	0000
oki1	42	018b78	019b77	4096	1.074	0000
oki1	43	019b78	01a377	2048	0.537	0000
oki1	44	01a378	01c577	8704	2.282	0000
oki1	45	01c578	01dd77	6144	1.611	0000
oki1	46	01dd78	01ed77	4096	1.074	0000
oki2	0	016030	016c42	3091	0.405	0000
oki2	1	01c340	01cbbf	2176	0.285	0000
oki2	2	01cbc0	01cfff	1088	0.143	0000
oki2	3	01d000	01d44f	1104	0.145	0000
oki2	4	01d450	01da0f	1472	0.193	0000
oki2	5	0001f0	0009ef	2048	0.268	0000
oki2	6	0009f0	0012ef	2304	0.302	0000
oki2	7	0012f0	001bef	2304	0.302	0000
oki2	8	001be0	00214f	1392	0.182	0000
oki2	9	002150	0028df	1936	0.254	0000
oki2	10	0028e0	002e5f	1408	0.185	0000
oki2	11	002e60	00354f	1776	0.233	0000
oki2	12	003550	003c4f	1792	0.235	0000
oki2	13	003c50	00444f	2048	0.268	0000
oki2	14	0001f0	0001f0	1	0.000	0000
oki2	15	0001f0	0001f0	1	0.000	0000
oki2	16	0001f0	0001f0	1	0.000	0000
oki2	17	004450	0047bf	880	0.115	0000
oki2	18	0047c0	004bbf	1024	0.134	0000
oki2	19	004bc0	004fbf	1024	0.134	0000
oki2	20	004fc0	0050bf	256	0.034	0000
oki2	21	0001f0	0001f0	1	0.000	0000
oki2	22	0050c0	0051bf	256	0.034	0000
oki2	23	0051c0	005abf	2304	0.302	0000
oki2	24	005ac0	00782f	7536	0.988	0000
oki2	25	007830	0078ef	192	0.025	0000
oki2	26	007830	00811f	2288	0.300	0000
oki2	27	008120	00898f	2160	0.283	0000
oki2	28	008990	009abf	4400	0.577	0000
oki2	29	009430	009abf	1680	0.220	0000
oki2	30	009ac0	00a39f	2272	0.298	0000
oki2	31	00a3a0	00b55f	4544	0.596	0000
oki2	32	00b560	00c86f	4880	0.640	0000
oki2	33	00c870	00db8f	4896	0.642	0000
oki2	34	00db90	00f1df	5712	0.749	0000
oki2	35	00f1e0	01071f	5440	0.713	0000
oki2	36	010720	011b5f	5184	0.680	0000
oki2	37	011b60	01288f	3376	0.443	0000
oki2	38	012890	012f2f	1696	0.222	0000
oki2	39	012f30	013638	1801	0.236	0000
oki2	40	013639	013c2c	1524	0.200	0000
oki2	41	013c2d	015506	6362	0.834	0000
oki2	42	015507	016c42	5948	0.780	0000
oki2	43	016c43	017a42	3584	0.470	0000
oki2	44	017a43	018042	1536	0.201	0000
oki2	45	018043	018442	1024	0.134	0000
oki2	46	018443	018842	1024	0.134	0000
oki2	47	018843	018c42	1024	0.134	0000
oki2	48	018c43	018e42	512	0.067	0000
oki2	49	018e43	019122	736	0.096	0000
oki2	50	019123	0193c2	672	0.088	0000
oki2	51	0193c3	01aec2	6912	0.906	0000
oki2	52	01aec3	01c33f	5245	0.688	0000
oki2	53	01da10	01dc9f	656	0.086	0000
oki2	54	01dca0	01ea9f	3584	0.470	0000
oki2	55	01eaa0	01ed4f	688	0.090	0000
oki2	56	01ed50	01ee4f	256	0.034	0000
oki2	57	01ee50	01f04f	512	0.067	0000
oki2	58	01f050	01f4ff	1200	0.157	0000
oki2	59	01f500	01f97f	1152	0.151	0000
oki2	60	01f980	01fe6f	1264	0.166	0000
oki2	61	01fe70	01ffff	400	0.052	0000
